StartDate,EndDate,Status,IPAddress,Progress,Duration (in seconds),Finished,RecordedDate,ResponseId,RecipientLastName,RecipientFirstName,RecipientEmail,ExternalReference,LocationLatitude,LocationLongitude,DistributionChannel,UserLanguage,SPANE_1,SPANE_2,SPANE_3,SPANE_4,SPANE_5,SPANE_6,SPANE_7,SPANE_8,SPANE_9,SPANE_10,SPANE_11,SPANE_12,Q68_1,Q68_2,Q68_3,Q68_4,Q68_5,Q68_6,Q68_7,Q68_8,Q68_9,Q68_10,Q68_11,Q68_12,Q68_13,Q68_14,Q68_15,Q69_1,Q69_2,Q69_3,Q69_4,Q69_5,Q69_6,attention1,idel_length,SubID
Start Date,End Date,Response Type,IP Address,Progress,Duration (in seconds),Finished,Recorded Date,Response ID,Recipient Last Name,Recipient First Name,Recipient Email,External Data Reference,Location Latitude,Location Longitude,Distribution Channel,User Language,"Please think about what you have been doing and experiencing throughout the chatroom. Then report how much you experienced each of the following feelings, using the scale below. For each item, select a number from 1 to 5. - Positive","Please think about what you have been doing and experiencing throughout the chatroom. Then report how much you experienced each of the following feelings, using the scale below. For each item, select a number from 1 to 5. - Negative","Please think about what you have been doing and experiencing throughout the chatroom. Then report how much you experienced each of the following feelings, using the scale below. For each item, select a number from 1 to 5. - Good","Please think about what you have been doing and experiencing throughout the chatroom. Then report how much you experienced each of the following feelings, using the scale below. For each item, select a number from 1 to 5. - Bad","Please think about what you have been doing and experiencing throughout the chatroom. Then report how much you experienced each of the following feelings, using the scale below. For each item, select a number from 1 to 5. - Pleasant","Please think about what you have been doing and experiencing throughout the chatroom. Then report how much you experienced each of the following feelings, using the scale below. For each item, select a number from 1 to 5. - Unpleasant","Please think about what you have been doing and experiencing throughout the chatroom. Then report how much you experienced each of the following feelings, using the scale below. For each item, select a number from 1 to 5. - Happy","Please think about what you have been doing and experiencing throughout the chatroom. Then report how much you experienced each of the following feelings, using the scale below. For each item, select a number from 1 to 5. - Sad","Please think about what you have been doing and experiencing throughout the chatroom. Then report how much you experienced each of the following feelings, using the scale below. For each item, select a number from 1 to 5. - Afraid","Please think about what you have been doing and experiencing throughout the chatroom. Then report how much you experienced each of the following feelings, using the scale below. For each item, select a number from 1 to 5. - Joyful","Please think about what you have been doing and experiencing throughout the chatroom. Then report how much you experienced each of the following feelings, using the scale below. For each item, select a number from 1 to 5. - Angry","Please think about what you have been doing and experiencing throughout the chatroom. Then report how much you experienced each of the following feelings, using the scale below. For each item, select a number from 1 to 5. - Contented",Please indicate how strongly you agree or disagree with the following statements about the chat portion of the experiment. - The chat was interesting.,Please indicate how strongly you agree or disagree with the following statements about the chat portion of the experiment. - The chat was boring.,Please indicate how strongly you agree or disagree with the following statements about the chat portion of the experiment. - The chat was intriguing.,Please indicate how strongly you agree or disagree with the following statements about the chat portion of the experiment. - The chat was cliche (dull),Please indicate how strongly you agree or disagree with the following statements about the chat portion of the experiment. - The chat was stimulating.,Please indicate how strongly you agree or disagree with the following statements about the chat portion of the experiment. - The chat was pleasant.,Please indicate how strongly you agree or disagree with the following statements about the chat portion of the experiment. - The chat was dreadful.,Please indicate how strongly you agree or disagree with the following statements about the chat portion of the experiment. - The chat was enjoyable.,Please indicate how strongly you agree or disagree with the following statements about the chat portion of the experiment. - The chat was sad.,Please indicate how strongly you agree or disagree with the following statements about the chat portion of the experiment. - The chat was comforting.,Please indicate how strongly you agree or disagree with the following statements about the chat portion of the experiment. - The chat was meaningful.,Please indicate how strongly you agree or disagree with the following statements about the chat portion of the experiment. - The chat was superficial.,Please indicate how strongly you agree or disagree with the following statements about the chat portion of the experiment. - The chat was valuable.,Please indicate how strongly you agree or disagree with the following statements about the chat portion of the experiment. - The chat was pointless.,Please indicate how strongly you agree or disagree with the following statements about the chat portion of the experiment. - The chat was deep.,Choose the answer that best describes how much you agree or disagree with each of the following statements. - I felt disconnected within the chatroom.,Choose the answer that best describes how much you agree or disagree with each of the following statements. - I feel so distant from people within the chatroom.,Choose the answer that best describes how much you agree or disagree with each of the following statements. - I have no sense of togetherness with anyone within the chatroom,Choose the answer that best describes how much you agree or disagree with each of the following statements. - I don't feel related with anyone within the chatroom,"Choose the answer that best describes how much you agree or disagree with each of the following statements. - Even among participants that I liked, there was no sense of togetherness",Choose the answer that best describes how much you agree or disagree with each of the following statements. - I don't feel I participate with anyone in the chatroom.,Were you idle/away from your computer at any point within the chatroom?,How long were you idle for?,SubID
"{""ImportId"":""startDate"",""timeZone"":""America/Denver""}","{""ImportId"":""endDate"",""timeZone"":""America/Denver""}","{""ImportId"":""status""}","{""ImportId"":""ipAddress""}","{""ImportId"":""progress""}","{""ImportId"":""duration""}","{""ImportId"":""finished""}","{""ImportId"":""recordedDate"",""timeZone"":""America/Denver""}","{""ImportId"":""_recordId""}","{""ImportId"":""recipientLastName""}","{""ImportId"":""recipientFirstName""}","{""ImportId"":""recipientEmail""}","{""ImportId"":""externalDataReference""}","{""ImportId"":""locationLatitude""}","{""ImportId"":""locationLongitude""}","{""ImportId"":""distributionChannel""}","{""ImportId"":""userLanguage""}","{""ImportId"":""QID67_1""}","{""ImportId"":""QID67_2""}","{""ImportId"":""QID67_3""}","{""ImportId"":""QID67_4""}","{""ImportId"":""QID67_5""}","{""ImportId"":""QID67_6""}","{""ImportId"":""QID67_7""}","{""ImportId"":""QID67_8""}","{""ImportId"":""QID67_9""}","{""ImportId"":""QID67_10""}","{""ImportId"":""QID67_11""}","{""ImportId"":""QID67_12""}","{""ImportId"":""QID68_1""}","{""ImportId"":""QID68_2""}","{""ImportId"":""QID68_3""}","{""ImportId"":""QID68_4""}","{""ImportId"":""QID68_5""}","{""ImportId"":""QID68_6""}","{""ImportId"":""QID68_7""}","{""ImportId"":""QID68_8""}","{""ImportId"":""QID68_9""}","{""ImportId"":""QID68_10""}","{""ImportId"":""QID68_11""}","{""ImportId"":""QID68_12""}","{""ImportId"":""QID68_13""}","{""ImportId"":""QID68_14""}","{""ImportId"":""QID68_15""}","{""ImportId"":""QID69_1""}","{""ImportId"":""QID69_3""}","{""ImportId"":""QID69_4""}","{""ImportId"":""QID69_5""}","{""ImportId"":""QID69_7""}","{""ImportId"":""QID69_8""}","{""ImportId"":""QID71""}","{""ImportId"":""QID74""}","{""ImportId"":""SubID""}"
2023-11-14 14:41:55,2023-11-14 14:42:52,0,198.90.112.78,100,57,1,2023-11-14 14:42:53,R_Ut1UnuujPnHrFYt,,,,,38.0321,-78.489,anonymous,EN,4,1,4,1,4,1,4,1,1,4,1,1,37,37,37,37,37,37,37,37,37,37,37,37,37,37,37,73,73,73,73,73,73,2,,566603
2023-11-14 14:41:56,2023-11-14 14:43:31,0,199.111.213.120,100,95,1,2023-11-14 14:43:31,R_2VReI4GBBUQDXcv,,,,,38.041,-78.4883,anonymous,EN,4,2,4,2,4,2,5,2,2,5,2,5,38,36,38,38,36,39,35,39,35,38,38,38,38,36,35,76,73,75,75,73,76,2,,944735
2023-11-14 14:41:56,2023-11-14 14:43:48,0,199.111.213.93,100,112,1,2023-11-14 14:43:49,R_2Et8mThawCRC1S1,,,,,38.041,-78.4883,anonymous,EN,4,2,3,2,3,2,4,2,1,3,1,4,36,38,36,38,36,38,36,37,34,36,36,38,36,38,36,76,75,73,73,73,75,2,,318029
2023-11-14 14:42:18,2023-11-14 14:44:05,0,206.248.255.165,100,106,1,2023-11-14 14:44:05,R_b9l7vmfSJngMl1f,,,,,38.0321,-78.489,anonymous,EN,3,3,2,3,2,3,2,1,1,1,1,3,35,39,35,40,35,36,38,35,38,35,40,40,35,38,35,73,72,73,73,72,75,2,,811602
2023-11-14 14:42:17,2023-11-14 14:44:24,0,216.30.176.198,100,126,1,2023-11-14 14:44:25,R_2Cv59sVdhGJllYL,,,,,38.9258,-77.3939,anonymous,EN,4,3,4,1,4,2,4,1,1,3,1,3,38,38,39,38,38,39,36,38,34,39,36,39,37,37,35,73,73,73,75,75,76,2,,514869
2023-11-14 14:41:55,2023-11-14 14:44:31,0,199.111.212.165,100,155,1,2023-11-14 14:44:32,R_1KlpWA6wYdNH0MA,,,,,38.041,-78.4883,anonymous,EN,4,2,3,2,3,2,3,2,2,2,2,3,37,38,35,38,36,38,35,38,35,37,36,38,36,36,34,73,73,75,76,76,76,2,,832427
2023-11-14 14:41:58,2023-11-14 14:44:45,0,199.111.212.133,100,167,1,2023-11-14 14:44:46,R_1DRMF26y6HIrdf7,,,,,38.041,-78.4883,anonymous,EN,5,1,5,1,4,2,4,1,2,4,1,5,39,37,36,38,36,39,35,39,36,35,35,39,35,40,34,76,75,76,77,77,77,2,,273563
2023-11-14 14:41:57,2023-11-14 14:45:02,0,174.206.41.79,100,184,1,2023-11-14 14:45:02,R_3Jy3uepSq8SOslv,,,,,38.0161,-79.0345,anonymous,EN,4,1,4,1,4,1,5,1,3,4,1,5,39,36,38,36,40,40,35,39,34,39,39,38,39,36,35,76,77,77,77,76,77,2,,636532
2023-11-14 14:42:17,2023-11-14 14:45:04,0,199.111.213.129,100,166,1,2023-11-14 14:45:05,R_vej9QkBqUlCGPu1,,,,,38.041,-78.4883,anonymous,EN,3,1,3,1,3,1,3,1,1,3,1,2,39,36,38,34,39,39,35,38,34,39,38,35,37,35,37,76,76,76,76,76,77,2,,981044
2023-11-14 14:41:56,2023-11-14 14:46:54,0,199.111.212.139,100,298,1,2023-11-14 14:46:55,R_1IutfaCxeP83NW4,,,,,38.041,-78.4883,anonymous,EN,4,1,3,1,3,2,2,1,1,1,1,1,37,38,35,40,38,38,37,36,35,38,34,38,35,38,35,73,73,75,76,73,75,2,,916157
2023-11-15 10:45:39,2023-11-15 10:47:08,0,199.111.212.143,100,89,1,2023-11-15 10:47:09,R_3s5pNLlzMqHJN58,,,,,38.041,-78.4883,anonymous,EN,4,1,5,1,4,1,4,1,1,3,1,1,40,36,38,35,38,39,35,39,34,38,39,39,39,35,36,76,76,76,76,76,76,2,,661074
2023-11-15 10:45:39,2023-11-15 10:47:36,0,199.111.212.165,100,116,1,2023-11-15 10:47:36,R_1F57NucMkD1xEdM,,,,,38.041,-78.4883,anonymous,EN,4,1,4,1,4,2,4,1,1,4,1,3,39,35,39,35,39,39,34,39,34,36,36,39,36,38,35,76,76,75,73,75,77,2,,90684
2023-11-15 10:46:08,2023-11-15 10:47:59,0,199.111.213.242,100,110,1,2023-11-15 10:47:59,R_2qxTBYZSAxfyUy0,,,,,38.041,-78.4883,anonymous,EN,4,2,4,1,5,1,4,1,1,1,1,4,39,36,38,38,37,40,34,38,38,34,34,36,38,37,34,73,71,72,72,72,72,2,,694133
2023-11-15 10:45:42,2023-11-15 10:47:59,0,199.111.225.102,100,137,1,2023-11-15 10:48:00,R_2tmvj9P34iOD5Ld,,,,,38.0321,-78.489,anonymous,EN,4,3,4,3,4,3,4,3,2,4,2,5,38,36,39,37,39,39,35,39,35,39,39,38,37,37,35,76,76,76,76,76,76,1,2,464297
2023-11-15 10:45:40,2023-11-15 10:48:00,0,199.111.213.136,100,140,1,2023-11-15 10:48:01,R_Bu0sKhRXHE9aM5b,,,,,38.041,-78.4883,anonymous,EN,5,1,4,1,3,2,4,1,2,3,1,3,39,35,38,40,38,39,35,39,35,36,38,39,38,38,38,75,72,72,72,72,76,1,1,696373
2023-11-15 10:45:39,2023-11-15 10:48:07,0,199.111.225.139,100,147,1,2023-11-15 10:48:07,R_1mIufeneNfdgyF1,,,,,38.0321,-78.489,anonymous,EN,4,1,3,1,4,2,3,1,1,2,1,3,38,38,38,39,36,39,34,38,34,36,34,39,36,36,34,77,76,76,76,76,77,2,,551759
2023-11-15 10:45:42,2023-11-15 10:48:26,0,108.181.176.152,100,163,1,2023-11-15 10:48:26,R_1E55erZGfFfRfU7,,,,,39.0469,-77.4903,anonymous,EN,4,3,4,3,3,3,4,3,1,3,1,4,40,35,39,38,39,40,34,39,35,39,38,38,36,37,35,76,76,77,77,77,77,2,,594825
2023-11-15 10:45:42,2023-11-15 10:48:38,0,199.111.213.115,100,175,1,2023-11-15 10:48:38,R_1Nrkjf1aPxU2DRx,,,,,38.041,-78.4883,anonymous,EN,5,1,5,2,5,1,4,1,1,4,1,5,39,35,39,39,39,39,34,39,34,38,38,38,35,37,35,76,75,76,76,76,77,2,,504005
2023-11-15 10:45:41,2023-11-15 10:48:48,0,43.153.27.148,100,187,1,2023-11-15 10:48:48,R_UDNYX4q34zlojzb,,,,,34.0544,-118.244,anonymous,EN,4,1,4,1,5,1,5,1,1,5,1,3,39,34,40,34,40,39,34,40,34,39,39,39,39,38,37,77,77,77,77,77,77,2,,90887
2023-11-15 10:46:13,2023-11-15 10:51:31,0,199.111.212.155,100,318,1,2023-11-15 10:51:31,R_bw48COsFBEKyhjj,,,,,38.041,-78.4883,anonymous,EN,3,2,3,2,3,2,3,2,2,3,2,3,38,37,38,38,38,38,35,37,35,38,36,39,36,36,35,76,73,77,77,77,76,2,,976819
2023-11-15 12:03:56,2023-11-15 12:05:48,0,198.90.112.65,100,111,1,2023-11-15 12:05:49,R_33pq1uYDq7Dl01y,,,,,38.0321,-78.489,anonymous,EN,3,1,4,1,3,1,3,1,1,2,1,2,35,39,35,39,35,39,34,38,34,39,35,37,35,37,34,76,73,76,76,76,77,2,,313398
2023-11-15 12:04:07,2023-11-15 12:05:51,0,199.111.213.112,100,103,1,2023-11-15 12:05:52,R_1jBypcxLt6MVvv1,,,,,38.041,-78.4883,anonymous,EN,4,2,3,1,3,1,4,1,1,3,1,3,39,37,38,38,38,39,36,38,35,37,37,38,37,38,36,73,75,75,75,73,76,2,,689043
2023-11-15 12:03:58,2023-11-15 12:05:55,0,199.111.213.101,100,117,1,2023-11-15 12:05:56,R_1IxRRLFFrcCVsOG,,,,,38.041,-78.4883,anonymous,EN,3,1,3,1,3,1,3,1,1,1,1,3,36,39,35,39,35,38,35,37,35,37,36,40,37,36,35,73,72,72,72,72,72,2,,931415
2023-11-15 12:03:56,2023-11-15 12:06:30,0,199.111.213.248,100,154,1,2023-11-15 12:06:31,R_1Ns17i0FI0XmzxJ,,,,,38.041,-78.4883,anonymous,EN,4,2,5,2,4,3,3,3,2,4,2,3,39,35,40,38,37,40,36,38,37,39,39,38,38,37,35,77,77,77,77,77,77,2,,527924
2023-11-15 12:03:55,2023-11-15 12:06:47,0,67.129.8.225,100,171,1,2023-11-15 12:06:48,R_T4JEKP2S99oRFst,,,,,38.0321,-78.489,anonymous,EN,4,1,4,1,5,1,4,1,2,3,1,5,40,34,39,36,39,39,34,39,34,38,37,36,38,34,37,77,77,76,75,76,77,2,,261957
2023-11-15 12:03:57,2023-11-15 12:07:07,0,199.111.213.109,100,190,1,2023-11-15 12:07:08,R_2Xd4Lw48JWUfQSh,,,,,38.041,-78.4883,anonymous,EN,3,2,4,2,3,2,3,1,1,3,1,4,39,35,39,36,39,39,35,38,34,36,35,39,37,38,35,77,77,77,77,77,77,2,,404045
2023-11-15 12:03:56,2023-11-15 12:07:17,0,199.111.226.58,100,200,1,2023-11-15 12:07:18,R_2ARTud37PhSLyiO,,,,,38.0321,-78.489,anonymous,EN,3,2,3,2,4,1,3,1,1,3,1,1,36,38,38,36,35,39,35,37,35,35,35,38,35,39,35,76,76,75,75,75,75,2,,903981
2023-11-15 12:03:57,2023-11-15 12:07:42,0,75.75.2.158,100,225,1,2023-11-15 12:07:43,R_Zgh1Cby5XOTwgs9,,,,,38.0271,-78.4797,anonymous,EN,4,1,4,1,4,1,4,1,1,3,1,4,39,35,38,35,39,39,35,39,35,38,38,37,38,35,35,77,77,77,77,77,77,2,,966678
2023-11-15 12:03:59,2023-11-15 12:14:14,0,73.12.29.8,100,615,1,2023-11-15 12:14:15,R_pDIYHCydUZswRBn,,,,,38.0271,-78.4797,anonymous,EN,4,1,4,1,4,1,3,1,1,2,1,3,39,35,38,38,37,39,34,39,34,38,36,38,36,35,34,76,76,75,73,76,76,2,,939559
2023-11-16 10:45:41,2023-11-16 10:47:21,0,199.111.213.104,100,99,1,2023-11-16 10:47:22,R_2qyrj4OhQRuK7AI,,,,,38.041,-78.4883,anonymous,EN,5,1,4,2,5,2,5,2,2,5,2,4,40,34,40,34,40,40,34,40,34,40,40,39,40,34,35,77,77,77,76,77,77,2,,482924
2023-11-16 10:45:42,2023-11-16 10:47:32,0,73.40.49.165,100,109,1,2023-11-16 10:47:32,R_3L11jV3xGVCPDjM,,,,,38.0321,-78.489,anonymous,EN,3,1,3,1,3,1,3,1,1,1,1,3,37,37,38,38,36,38,35,38,34,37,36,38,37,35,35,76,77,77,76,76,77,2,,275657
2023-11-16 10:45:44,2023-11-16 10:47:48,0,199.111.213.41,100,123,1,2023-11-16 10:47:49,R_6XNFEEnGogQy7Op,,,,,38.041,-78.4883,anonymous,EN,4,1,4,1,5,1,3,1,2,3,1,3,38,36,38,36,37,39,35,39,35,38,38,36,38,36,37,76,76,76,75,76,77,2,,234381
2023-11-16 10:45:46,2023-11-16 10:47:50,0,71.62.235.97,100,123,1,2023-11-16 10:47:51,R_6E8CXZP4CrzDRPX,,,,,38.0321,-78.489,anonymous,EN,3,3,4,3,3,3,3,2,1,3,1,3,35,39,35,39,35,37,37,36,36,35,35,39,35,39,35,73,73,73,73,73,73,1,1,496751
2023-11-16 10:45:50,2023-11-16 10:48:10,0,73.152.140.193,100,140,1,2023-11-16 10:48:11,R_1QrRtt4dVSQLtHC,,,,,38.0321,-78.489,anonymous,EN,4,1,4,1,4,1,3,1,1,3,1,3,39,36,39,36,39,39,35,39,35,38,38,38,38,36,38,76,73,76,73,75,75,2,,989044
2023-11-16 10:45:43,2023-11-16 10:48:38,0,199.111.213.104,100,175,1,2023-11-16 10:48:39,R_3nBqgayeP4Rf9Ux,,,,,38.041,-78.4883,anonymous,EN,4,2,4,1,5,2,3,1,1,3,1,4,38,35,37,36,38,39,34,38,34,38,35,38,38,36,36,77,76,76,77,76,77,2,,902133
2023-11-16 10:45:41,2023-11-16 10:48:43,0,199.111.213.31,100,181,1,2023-11-16 10:48:44,R_3r0vMgWxvc8yFuU,,,,,38.041,-78.4883,anonymous,EN,4,3,4,3,4,3,4,1,1,4,1,3,39,36,39,35,37,38,37,38,35,38,35,38,36,38,34,75,75,75,75,75,76,2,,728827
2023-11-16 10:45:44,2023-11-16 10:49:00,0,73.147.193.95,100,195,1,2023-11-16 10:49:01,R_3k6BXiiatoWoSbp,,,,,38.0321,-78.489,anonymous,EN,5,1,4,1,4,1,4,1,2,4,1,4,39,35,38,36,39,39,35,39,35,37,36,38,39,35,36,76,76,76,76,76,76,2,,234448
2023-11-16 10:45:42,2023-11-16 10:49:12,0,199.111.213.35,100,209,1,2023-11-16 10:49:12,R_1dNphEVnvHitlec,,,,,38.041,-78.4883,anonymous,EN,4,2,5,2,4,5,3,2,1,4,1,5,40,35,39,35,40,40,35,40,37,40,40,38,40,35,40,76,76,76,76,76,76,1,1,683727
2023-11-16 10:45:44,2023-11-16 10:49:45,0,199.111.213.117,100,240,1,2023-11-16 10:49:45,R_1OVTT27AHsnTnsr,,,,,38.041,-78.4883,anonymous,EN,3,1,3,1,3,1,3,1,1,3,1,2,36,38,37,37,37,38,34,38,34,38,36,38,37,36,34,76,75,75,76,73,76,2,,277572
2023-11-17 10:17:32,2023-11-17 10:19:12,0,199.111.227.14,100,100,1,2023-11-17 10:19:13,R_2XdQMdycS8iKdkR,,,,,38.0321,-78.489,anonymous,EN,4,1,4,1,4,1,4,1,1,1,1,3,36,38,36,36,36,38,35,36,35,36,36,38,36,36,35,72,72,72,72,72,72,2,,953732
2023-11-17 10:17:31,2023-11-17 10:19:18,0,199.111.213.13,100,106,1,2023-11-17 10:19:19,R_33aqVmDXJDrDhoT,,,,,38.041,-78.4883,anonymous,EN,4,2,4,2,4,2,4,1,1,2,1,3,36,38,36,38,36,38,35,38,35,38,38,39,35,38,35,73,73,75,75,75,76,1,1,440821
2023-11-17 10:17:29,2023-11-17 10:19:21,0,216.197.66.147,100,111,1,2023-11-17 10:19:21,R_AMcvlXZVxExSa53,,,,,38.0271,-78.4797,anonymous,EN,3,1,3,1,3,1,2,1,1,3,1,3,38,37,37,36,35,38,35,36,34,35,36,39,34,38,35,72,72,72,72,72,72,1,2,37695
2023-11-17 10:17:33,2023-11-17 10:19:32,0,174.206.37.96,100,119,1,2023-11-17 10:19:33,R_11chkmfaQKmZUj5,,,,,37.4386,-79.208,anonymous,EN,4,2,5,1,3,1,4,2,1,4,1,3,39,36,39,35,37,39,34,38,34,36,39,37,38,36,38,76,75,73,75,75,77,2,,727626
2023-11-17 10:17:30,2023-11-17 10:19:34,0,68.131.104.72,100,124,1,2023-11-17 10:19:35,R_10r9m4Eju6l4E1Y,,,,,36.8566,-75.9832,anonymous,EN,5,1,5,1,5,1,5,1,1,5,1,5,40,34,40,35,38,40,34,40,34,39,38,37,38,37,35,77,73,75,76,75,77,2,,445304
2023-11-17 10:17:33,2023-11-17 10:19:42,0,199.111.213.56,100,129,1,2023-11-17 10:19:43,R_22D2SPBQzhlZo49,,,,,38.041,-78.4883,anonymous,EN,4,1,4,2,4,1,3,1,1,3,1,2,36,37,37,36,38,39,35,39,35,38,37,38,36,39,36,75,76,76,75,75,76,2,,426733
2023-11-17 10:18:03,2023-11-17 10:19:56,0,64.99.240.226,100,112,1,2023-11-17 10:19:56,R_23UGbTVV26zcxMk,,,,,38.0321,-78.489,anonymous,EN,3,1,2,1,2,1,2,1,1,2,1,2,35,39,35,39,35,35,35,35,35,35,38,39,35,39,35,72,72,72,72,72,73,1,1,136117
2023-11-17 10:17:57,2023-11-17 10:20:21,0,199.111.225.101,100,144,1,2023-11-17 10:20:22,R_3qgH0JACTo2YraS,,,,,38.0321,-78.489,anonymous,EN,3,2,3,2,3,2,2,2,2,2,3,3,36,38,39,,36,38,36,36,36,36,36,38,36,38,36,73,73,72,71,72,75,2,,865552
2023-11-17 10:17:30,2023-11-17 10:21:06,0,199.111.213.86,100,215,1,2023-11-17 10:21:06,R_1IShtK7FmiY4EAJ,,,,,38.041,-78.4883,anonymous,EN,5,1,4,1,5,1,4,1,1,3,1,5,38,36,36,38,38,39,34,38,34,37,36,38,38,35,35,76,77,76,75,76,77,2,,461714
2023-11-17 10:19:45,2023-11-17 10:21:52,0,199.111.225.70,100,127,1,2023-11-17 10:21:53,R_D5B5VTb3oO0tADD,,,,,38.0321,-78.489,anonymous,EN,4,2,4,2,4,2,3,1,2,3,1,3,38,37,37,38,38,38,37,38,37,37,38,37,38,36,35,73,73,77,76,75,75,1,2,756517
2023-11-17 11:29:27,2023-11-17 11:30:48,0,198.90.112.65,100,80,1,2023-11-17 11:30:49,R_2PvfqAtd5fvrB3H,,,,,38.0321,-78.489,anonymous,EN,4,1,3,1,4,1,3,1,1,1,1,3,39,38,35,38,37,,37,37,37,37,37,38,37,38,35,76,73,72,76,73,72,2,,884325
2023-11-17 11:29:50,2023-11-17 11:31:21,0,24.149.81.39,100,91,1,2023-11-17 11:31:22,R_2947NgEvuK0z9GP,,,,,36.9339,-81.0882,anonymous,EN,5,2,5,2,5,3,5,2,2,3,2,3,40,38,39,35,40,40,38,40,34,40,39,39,35,36,34,77,77,77,77,77,77,2,,942298
2023-11-17 11:29:34,2023-11-17 11:31:22,0,199.111.213.26,100,107,1,2023-11-17 11:31:22,R_3rGwTpqgaNnWVDQ,,,,,38.041,-78.4883,anonymous,EN,3,1,3,1,3,1,3,1,1,3,1,3,39,35,38,37,38,39,35,38,35,38,39,36,38,35,38,76,76,76,76,76,76,2,,451102
2023-11-17 11:29:29,2023-11-17 11:31:30,0,199.111.212.141,100,121,1,2023-11-17 11:31:31,R_27foMiYnBsP0pmo,,,,,38.041,-78.4883,anonymous,EN,4,1,4,1,4,1,5,1,1,5,1,4,40,34,40,34,40,40,34,40,34,40,40,34,40,34,40,77,77,77,77,77,77,2,,660772
2023-11-17 11:29:28,2023-11-17 11:31:42,0,199.111.213.76,100,134,1,2023-11-17 11:31:43,R_2xQ0k0SlP3Jgqnm,,,,,38.041,-78.4883,anonymous,EN,4,1,4,1,4,1,4,1,1,4,1,4,38,36,38,37,37,38,36,38,35,37,37,36,37,36,36,75,75,76,76,76,76,2,,981471
2023-11-17 11:29:31,2023-11-17 11:32:05,0,199.111.227.18,100,153,1,2023-11-17 11:32:06,R_1kIG80CIDmCGb9M,,,,,38.0321,-78.489,anonymous,EN,5,1,4,1,4,2,4,2,1,3,1,2,38,35,37,36,37,38,35,39,35,37,38,37,37,36,36,75,75,76,76,76,76,2,,307264
2023-11-17 11:29:29,2023-11-17 11:32:10,0,199.111.213.107,100,161,1,2023-11-17 11:32:10,R_2tJTRAveYubpjR6,,,,,38.041,-78.4883,anonymous,EN,3,1,3,1,3,1,2,1,1,2,1,3,38,37,36,38,37,38,34,38,34,36,37,38,37,37,35,75,73,75,76,75,75,1,1,255359
2023-11-17 11:29:43,2023-11-17 11:32:19,0,199.111.213.252,100,156,1,2023-11-17 11:32:20,R_2WMw3Iv4kklzk8e,,,,,38.041,-78.4883,anonymous,EN,4,2,4,2,4,2,3,2,2,3,2,3,38,37,38,38,37,38,35,37,34,38,37,38,37,35,35,73,72,72,73,73,75,2,,492825
2023-11-17 11:29:33,2023-11-17 11:33:03,0,199.111.213.126,100,209,1,2023-11-17 11:33:04,R_vUg8x6p3pOaSK1r,,,,,38.041,-78.4883,anonymous,EN,4,1,5,1,5,1,5,1,1,2,1,4,39,37,38,36,38,40,34,39,34,39,36,38,37,34,34,73,75,75,75,75,75,2,,167407
2023-11-17 11:29:46,2023-11-17 11:33:24,0,199.111.213.15,100,217,1,2023-11-17 11:33:24,R_10wanzqifFLhCei,,,,,38.041,-78.4883,anonymous,EN,5,1,5,1,4,1,5,1,1,5,1,3,39,36,38,38,37,39,35,39,35,39,37,38,38,37,37,76,76,76,76,76,76,2,,269224
2023-11-17 12:42:27,2023-11-17 12:44:15,0,64.99.243.60,100,107,1,2023-11-17 12:44:16,R_22RLfnJhJpK5sGP,,,,,38.0271,-78.4797,anonymous,EN,4,2,4,1,5,1,5,1,1,4,1,4,39,38,38,38,39,39,38,39,35,38,36,38,36,38,36,76,76,76,76,76,76,2,,142465
2023-11-17 12:42:29,2023-11-17 12:44:34,0,199.111.213.115,100,124,1,2023-11-17 12:44:34,R_3MyXZ0Mv43KSBoE,,,,,38.041,-78.4883,anonymous,EN,4,1,3,1,3,1,3,1,1,2,1,3,39,36,39,35,38,39,34,39,34,37,37,38,36,36,35,76,76,76,75,77,77,2,,94545
2023-11-17 12:42:29,2023-11-17 12:44:34,0,69.128.192.66,100,124,1,2023-11-17 12:44:35,R_1hSewX9rZaOO6fH,,,,,37.3422,-77.985,anonymous,EN,5,2,4,2,4,2,3,3,3,5,2,4,40,35,38,39,39,39,37,39,37,38,39,37,39,36,39,76,76,76,77,75,77,2,,612428
2023-11-17 12:42:28,2023-11-17 12:44:39,0,98.124.196.245,100,131,1,2023-11-17 12:44:40,R_3OowC9DC0nva5Dz,,,,,38.0271,-78.4797,anonymous,EN,4,2,4,1,3,1,3,1,1,1,1,1,39,36,36,38,37,39,35,39,34,37,35,37,35,36,34,77,76,75,77,76,77,2,,140700
2023-11-17 12:42:29,2023-11-17 12:45:06,0,75.102.136.114,100,156,1,2023-11-17 12:45:06,R_sX55DF01f4pJkKB,,,,,38.0321,-78.489,anonymous,EN,4,1,4,1,5,1,4,1,1,3,1,3,39,34,39,35,38,40,34,39,34,38,38,35,37,34,37,76,76,76,76,76,76,2,,359204
2023-11-17 12:42:31,2023-11-17 12:45:16,0,67.129.8.225,100,164,1,2023-11-17 12:45:16,R_1FrYohtMoGQlu6R,,,,,38.0321,-78.489,anonymous,EN,2,2,2,2,2,2,2,2,2,2,2,2,35,40,35,40,34,37,37,35,35,35,35,39,35,38,35,72,72,72,73,72,72,2,,236280
2023-11-17 12:42:34,2023-11-17 12:45:37,0,199.111.213.41,100,183,1,2023-11-17 12:45:38,R_10o5yjC54tZQc8o,,,,,38.041,-78.4883,anonymous,EN,5,1,5,1,4,2,5,1,2,5,1,4,40,35,39,34,40,40,34,40,34,39,39,35,38,34,39,77,77,77,77,77,77,2,,30397
2023-11-17 12:42:28,2023-11-17 12:45:53,0,199.111.213.60,100,205,1,2023-11-17 12:45:54,R_3HXCGAUNpFoAfQh,,,,,38.041,-78.4883,anonymous,EN,4,2,3,1,4,1,4,1,3,3,1,3,38,36,38,38,38,38,36,38,35,37,37,35,37,36,36,73,73,75,75,75,76,2,,89877
2023-11-17 12:43:16,2023-11-17 12:46:36,0,199.111.226.240,100,199,1,2023-11-17 12:46:37,R_295go0Rl3EOUMpR,,,,,38.0321,-78.489,anonymous,EN,3,4,5,1,4,1,4,3,3,3,4,5,40,34,39,34,40,40,34,40,38,40,40,34,40,34,40,77,77,77,77,77,77,2,,320208
2023-11-17 12:42:30,2023-11-17 12:47:32,0,64.99.233.36,100,302,1,2023-11-17 12:47:33,R_2y7QbJyRqDwjzFR,,,,,38.0321,-78.489,anonymous,EN,4,1,4,1,4,1,3,1,1,4,1,4,38,38,38,36,38,39,35,38,35,38,38,37,38,36,35,73,73,76,76,75,76,2,,952103
2023-11-17 14:00:58,2023-11-17 14:02:32,0,184.170.114.66,100,93,1,2023-11-17 14:02:32,R_10vmboOBFjIrPca,,,,,39.2651,-78.1961,anonymous,EN,3,2,4,2,2,4,2,4,2,2,2,2,37,37,37,37,37,37,37,37,37,37,37,37,37,37,37,75,75,73,73,73,75,2,,382504
2023-11-17 14:01:01,2023-11-17 14:02:39,0,71.63.81.34,100,98,1,2023-11-17 14:02:40,R_2Ui6hXOpw0Awahx,,,,,38.0271,-78.4797,anonymous,EN,5,1,4,1,4,2,4,1,1,4,1,4,39,35,39,35,39,39,34,39,34,39,39,36,39,34,37,76,76,76,76,76,77,2,,963934
2023-11-17 14:00:58,2023-11-17 14:02:43,0,75.102.136.107,100,104,1,2023-11-17 14:02:44,R_3fZXLGVgoGR9vuH,,,,,38.0321,-78.489,anonymous,EN,4,1,3,1,3,1,3,1,1,3,1,3,38,37,38,38,37,39,34,38,34,37,37,38,37,37,36,76,75,76,76,75,76,2,,921274
2023-11-17 14:01:02,2023-11-17 14:02:53,0,199.111.212.176,100,111,1,2023-11-17 14:02:54,R_22KTjaIAZrWNICW,,,,,38.041,-78.4883,anonymous,EN,4,2,4,2,5,1,5,2,1,5,1,5,40,38,40,39,40,40,37,40,35,40,39,38,37,35,35,75,76,77,77,77,77,2,,176865
2023-11-17 14:00:59,2023-11-17 14:03:00,0,199.111.225.222,100,120,1,2023-11-17 14:03:01,R_1hMClO4xki3j4X5,,,,,38.0321,-78.489,anonymous,EN,5,1,5,1,5,1,5,1,1,5,1,5,40,34,40,38,40,40,34,40,34,40,40,34,40,34,37,77,77,77,77,77,77,2,,13560
2023-11-17 14:01:01,2023-11-17 14:03:10,0,75.102.136.111,100,128,1,2023-11-17 14:03:10,R_1U0lfPU4Loe00Vj,,,,,38.0321,-78.489,anonymous,EN,4,1,4,2,4,2,4,1,3,4,1,4,39,35,40,38,38,39,35,38,35,38,39,39,38,37,38,76,75,76,77,76,76,2,,869923
2023-11-17 14:01:03,2023-11-17 14:03:27,0,73.216.69.138,100,144,1,2023-11-17 14:03:28,R_1CwQUECl5T7zKlW,,,,,38.0271,-78.4797,anonymous,EN,4,1,4,1,4,1,4,1,1,4,1,3,38,36,38,35,38,39,35,39,35,39,39,37,37,35,37,75,76,76,76,76,77,2,,272262
2023-11-17 14:01:02,2023-11-17 14:04:05,0,199.111.213.125,100,183,1,2023-11-17 14:04:06,R_2pYn5UzknqlkvGl,,,,,38.041,-78.4883,anonymous,EN,4,2,4,2,4,2,4,2,2,3,2,3,39,35,39,35,39,40,34,40,34,39,39,36,38,35,35,77,77,77,77,77,77,2,,925154
2023-11-17 14:01:00,2023-11-17 14:04:09,0,174.206.42.61,100,188,1,2023-11-17 14:04:09,R_2wEwF3tCcHiSgLP,,,,,37.3155,-79.5335,anonymous,EN,3,1,3,1,3,1,3,1,1,1,1,3,38,36,37,37,38,39,35,38,34,38,38,37,37,36,36,75,76,75,75,76,77,1,1,119108
2023-11-17 14:00:59,2023-11-17 14:04:23,0,174.206.42.126,100,203,1,2023-11-17 14:04:23,R_2UYiTXgR9ONAzVH,,,,,37.3155,-79.5335,anonymous,EN,3,1,1,1,3,1,1,1,1,1,1,3,39,37,38,36,38,38,35,38,34,35,38,37,35,39,35,73,75,75,75,75,76,2,,259141
2023-11-16 19:08:04,2023-11-16 19:37:46,0,128.143.1.11,86,1781,0,2023-11-17 19:08:05,R_3NJ0YBpNOU77PjK,,,,,,,anonymous,EN,3,2,3,2,2,4,3,3,5,2,2,5,37,38,37,38,37,36,38,37,37,37,38,38,37,38,35,71,72,71,71,73,72,2,,
2023-11-16 19:08:06,2023-11-16 19:22:18,0,71.57.194.198,14,852,0,2023-11-17 19:08:08,R_3lMmQmKEocr9y9d,,,,,,,anonymous,EN,,,,,,,,,,,,,37,37,37,37,37,37,37,37,37,37,37,37,37,37,37,,,,,,,,,
2023-11-16 19:08:07,2023-11-16 19:21:15,0,71.63.19.208,71,787,0,2023-11-17 19:08:08,R_2zchtGnfbFEoseg,,,,,,,anonymous,EN,1,1,1,1,1,1,2,1,1,1,2,3,,,,,,,,,,,,,,,,76,76,76,76,73,73,1,1,
2023-11-16 19:08:07,2023-11-16 19:59:33,0,64.99.245.136,14,3085,0,2023-11-17 19:08:11,R_1RFbs9fXAaPX1IZ,,,,,,,anonymous,EN,3,1,3,1,3,1,2,1,1,1,1,3,,,,,,,,,,,,,,,,,,,,,,,,
2023-11-16 19:08:16,2023-11-16 19:42:09,0,199.111.213.109,43,2033,0,2023-11-17 19:08:24,R_3pu90hGMlOnwJW7,,,,,,,anonymous,EN,2,2,3,2,3,2,3,3,2,3,2,3,,,,,,,,,,,,,,,,72,72,72,72,72,72,,,
2023-11-16 19:08:49,2023-11-16 19:19:04,0,199.111.213.129,57,614,0,2023-11-17 19:08:52,R_3HXPcTRCxbzYUpy,,,,,,,anonymous,EN,,,,,,,,,,,,,37,37,37,37,37,37,37,37,37,37,37,37,37,37,37,,,,,,,2,,
2023-11-16 19:09:58,2023-11-16 19:16:41,0,216.197.71.148,57,402,0,2023-11-17 19:10:00,R_SBIfJdkd9RO4JDX,,,,,,,anonymous,EN,2,2,2,2,2,2,2,2,2,2,2,2,,,,,,,,,,,,,,,,,,,,,,2,,
2023-11-20 10:12:16,2023-11-20 10:13:43,0,173.54.184.86,100,86,1,2023-11-20 10:13:43,R_1odr2DfKM6LygFr,,,,,40.6793,-74.5574,anonymous,EN,3,1,3,1,3,1,3,1,1,2,1,1,38,36,38,36,36,38,35,38,35,38,37,38,38,36,36,73,73,73,73,75,75,1,2,173913
2023-11-20 10:12:05,2023-11-20 10:13:48,0,64.99.233.231,100,102,1,2023-11-20 10:13:48,R_1cTv6CqE6MY3C9V,,,,,38.0321,-78.489,anonymous,EN,4,2,3,2,4,2,4,1,1,3,1,3,39,37,38,36,38,39,35,39,35,37,36,36,38,36,35,75,75,75,75,75,75,2,,144933
2023-11-20 10:12:06,2023-11-20 10:13:53,0,96.246.220.150,100,107,1,2023-11-20 10:13:55,R_2XmrCaCpYjvln87,,,,,41.1462,-73.9966,anonymous,EN,3,2,3,2,4,2,3,2,2,3,2,3,37,39,36,38,39,39,38,37,35,35,36,36,39,40,37,76,75,75,73,73,75,2,,951397
2023-11-20 10:12:05,2023-11-20 10:14:12,0,71.126.134.154,100,126,1,2023-11-20 10:14:13,R_PLGZrYowYTb33jz,,,,,38.6759,-77.3157,anonymous,EN,4,1,3,1,4,1,2,1,1,2,1,3,36,36,36,38,34,38,34,37,34,34,35,38,34,36,34,72,72,76,76,76,76,2,,301090
2023-11-20 10:12:00,2023-11-20 10:14:13,0,199.111.225.26,100,132,1,2023-11-20 10:14:13,R_CesHABmWPyKwv2F,,,,,38.0321,-78.489,anonymous,EN,4,2,3,1,4,2,3,1,1,3,1,4,39,38,36,37,36,39,34,38,34,38,36,37,36,37,35,76,77,76,75,75,77,2,,911655
2023-11-20 10:12:03,2023-11-20 10:14:26,0,206.248.255.163,100,142,1,2023-11-20 10:14:27,R_8dKM91pDZuCrKKt,,,,,38.0321,-78.489,anonymous,EN,3,2,3,2,3,2,3,2,2,3,2,4,38,38,36,36,35,39,35,38,35,39,39,38,39,35,34,73,73,75,76,75,73,2,,67560
2023-11-20 10:12:02,2023-11-20 10:14:38,0,173.66.2.8,100,155,1,2023-11-20 10:14:39,R_1Ow6aUENhUc2RHd,,,,,38.8476,-77.3281,anonymous,EN,4,1,5,1,5,1,3,1,1,3,1,4,40,34,37,35,38,40,34,40,34,37,36,35,36,35,35,77,77,77,77,77,77,2,,465585
2023-11-20 10:12:10,2023-11-20 10:14:47,0,73.12.50.47,100,157,1,2023-11-20 10:14:47,R_29uIoA4zyTblP0y,,,,,38.0321,-78.489,anonymous,EN,5,2,5,2,5,2,5,2,1,5,1,5,39,38,37,37,37,39,35,39,37,38,38,39,38,35,37,77,73,75,75,75,75,2,,397901
2023-11-20 10:12:03,2023-11-20 10:15:24,0,72.66.54.200,100,201,1,2023-11-20 10:15:25,R_0qWMuXXJsL9YIz7,,,,,38.93,-77.35,anonymous,EN,4,2,4,2,5,4,4,2,1,4,1,4,38,36,38,37,38,39,35,39,36,37,37,38,38,36,35,76,76,76,76,76,77,2,,448989
2023-11-20 10:12:01,2023-11-20 10:15:49,0,97.126.24.177,86,227,0,2023-11-21 10:12:50,R_3CEmIGu1WJn5lZP,,,,,,,anonymous,EN,4,2,3,2,3,2,2,2,2,3,2,3,38,37,38,38,36,39,35,38,35,39,35,38,36,37,36,75,75,73,76,75,77,2,,578402
2023-11-27 12:45:45,2023-11-27 12:47:55,0,73.40.49.56,100,129,1,2023-11-27 12:47:55,R_2eONRcGyfXL02GP,,,,,38.0321,-78.489,anonymous,EN,4,1,4,1,4,1,3,1,1,1,1,3,38,38,36,38,36,38,35,38,35,35,35,35,35,35,35,75,75,75,75,75,75,1,1,960096
2023-11-27 12:45:44,2023-11-27 12:48:01,0,199.111.213.199,100,137,1,2023-11-27 12:48:02,R_295Qn7wdQsVo3PC,,,,,38.0321,-78.489,anonymous,EN,4,2,4,2,4,2,3,2,1,3,1,3,39,36,39,36,39,39,34,39,34,37,38,38,38,35,35,76,73,73,73,72,76,2,,705965
2023-11-27 12:46:15,2023-11-27 12:48:06,0,199.111.224.155,100,111,1,2023-11-27 12:48:07,R_1F57qlX8RB4HOkQ,,,,,38.0321,-78.489,anonymous,EN,5,2,5,2,5,1,5,1,1,5,1,5,40,35,39,35,39,39,34,40,34,39,38,38,38,34,35,77,77,77,76,77,77,2,,126757
2023-11-27 12:45:43,2023-11-27 12:48:11,0,199.111.213.223,100,148,1,2023-11-27 12:48:12,R_DtNsRfFO1r7mSBj,,,,,38.0321,-78.489,anonymous,EN,5,2,5,1,4,1,4,1,1,3,1,3,39,37,38,36,38,40,34,39,35,37,35,40,36,38,35,75,73,72,73,75,73,2,,396840
2023-11-27 12:46:10,2023-11-27 12:48:17,0,199.111.225.118,100,127,1,2023-11-27 12:48:18,R_2v2C0TgmSxzyCkq,,,,,38.0321,-78.489,anonymous,EN,5,1,5,1,5,1,5,1,1,4,1,4,39,34,39,35,39,40,34,40,34,38,38,34,37,34,34,77,77,77,77,77,77,2,,46657
2023-11-27 12:46:21,2023-11-27 12:48:35,0,199.111.213.13,100,134,1,2023-11-27 12:48:36,R_1dyopcQxHCnIk3d,,,,,38.0321,-78.489,anonymous,EN,3,1,3,1,3,1,1,1,1,1,1,3,35,38,37,38,37,38,35,37,34,36,37,37,37,38,35,72,73,73,75,76,75,1,1,685701
2023-11-27 12:45:44,2023-11-27 12:49:34,0,199.111.212.169,100,229,1,2023-11-27 12:49:34,R_ZIEfFS1lvcMsxFL,,,,,38.041,-78.4883,anonymous,EN,4,3,3,3,4,1,4,1,1,3,1,4,39,35,39,35,38,40,34,40,34,38,35,38,35,38,35,77,77,77,77,77,77,2,,808558
2023-11-27 12:48:01,2023-11-27 12:49:52,0,216.30.176.58,100,110,1,2023-11-27 12:49:52,R_AsRTodA46qNXS4V,,,,,38.0321,-78.489,anonymous,EN,2,3,3,2,3,2,3,2,2,3,1,3,37,38,36,38,35,38,37,38,35,36,36,37,35,35,36,75,73,72,72,72,75,1,2,329600
2023-11-27 12:45:42,2023-11-27 12:50:16,0,71.62.61.178,100,273,1,2023-11-27 12:50:17,R_8BJZ9l1QmAKznXj,,,,,38.0321,-78.489,anonymous,EN,3,1,3,1,3,2,3,1,1,3,1,3,38,36,38,36,38,38,34,38,34,38,36,38,37,37,35,75,75,75,76,76,76,2,,481521
2023-11-27 12:47:27,2023-11-27 12:50:50,0,199.111.213.40,100,203,1,2023-11-27 12:50:51,R_3fZhlPOxUr79db5,,,,,38.0321,-78.489,anonymous,EN,5,2,5,1,3,1,4,1,1,4,1,3,40,34,38,38,38,39,36,39,35,37,38,36,37,36,34,77,77,76,77,76,77,2,,179220
2023-11-29 10:18:25,2023-11-29 10:19:57,0,199.111.212.187,100,92,1,2023-11-29 10:19:58,R_2UY5za4cZBIOSmm,,,,,38.041,-78.4883,anonymous,EN,5,2,4,2,4,2,4,1,1,4,1,4,39,35,37,35,38,39,34,39,34,39,39,35,38,35,37,76,76,77,77,77,77,2,,265617
2023-11-29 10:18:23,2023-11-29 10:20:09,0,199.111.213.53,100,105,1,2023-11-29 10:20:10,R_241MCn3N1IB1mYS,,,,,38.0321,-78.489,anonymous,EN,3,1,3,1,3,1,3,1,1,3,1,3,39,37,38,38,37,39,34,38,35,37,37,39,37,37,36,75,75,76,75,76,77,2,,828627
2023-11-29 10:18:26,2023-11-29 10:20:20,0,199.111.213.100,100,114,1,2023-11-29 10:20:20,R_2QL0SCWKh2YFvBw,,,,,38.0321,-78.489,anonymous,EN,3,1,3,1,2,1,2,1,1,2,1,3,35,39,35,39,35,38,36,37,35,37,35,38,35,39,34,72,72,72,75,73,73,1,1,179363
2023-11-29 10:18:25,2023-11-29 10:20:20,0,98.124.196.245,100,115,1,2023-11-29 10:20:21,R_DdysMT0AP3Repwt,,,,,38.0271,-78.4797,anonymous,EN,4,1,5,1,4,2,5,1,1,4,1,5,38,35,39,37,38,38,36,38,34,36,36,38,38,37,35,76,76,76,77,76,77,2,,328848
2023-11-29 10:18:26,2023-11-29 10:20:29,0,198.90.112.65,100,122,1,2023-11-29 10:20:29,R_3QL9oYz9T3WlQVw,,,,,38.0321,-78.489,anonymous,EN,4,1,4,1,4,1,3,1,1,3,1,4,39,35,39,37,38,39,34,38,34,37,38,36,38,36,37,76,76,76,76,76,76,2,,553910
2023-11-29 10:18:27,2023-11-29 10:21:00,0,199.111.213.119,100,152,1,2023-11-29 10:21:01,R_3D5TwNyscYf5AXh,,,,,38.0321,-78.489,anonymous,EN,5,1,3,1,4,1,3,1,1,1,1,5,39,38,37,39,39,40,34,38,34,35,35,39,36,35,34,76,73,76,75,75,77,2,,295435
2023-11-29 10:18:31,2023-11-29 10:21:10,0,199.111.213.145,100,159,1,2023-11-29 10:21:11,R_10JJqB4cULvaGBf,,,,,38.0321,-78.489,anonymous,EN,4,2,4,3,5,2,3,2,1,4,1,5,39,37,38,39,37,39,37,39,35,38,36,38,38,39,37,75,76,73,75,72,75,2,,65882
2023-11-29 10:18:28,2023-11-29 10:21:15,0,76.104.24.132,100,167,1,2023-11-29 10:21:16,R_Asp9EuVISoJqrn3,,,,,38.0271,-78.4797,anonymous,EN,4,2,4,1,4,1,4,1,1,3,1,3,39,35,39,36,38,39,35,38,34,37,36,39,36,36,35,76,76,76,77,77,77,2,,121131
2023-11-29 10:18:26,2023-11-29 10:21:23,0,198.90.112.65,100,177,1,2023-11-29 10:21:24,R_3PzrYeaK5H2iCJk,,,,,38.0321,-78.489,anonymous,EN,5,2,5,2,5,2,5,2,2,5,2,2,40,35,40,36,39,40,34,40,34,40,38,37,36,37,35,76,76,72,76,76,77,2,,268194
2023-11-29 10:18:35,2023-11-29 10:21:47,0,199.111.225.132,100,192,1,2023-11-29 10:21:48,R_W8uXICbmkftQNTr,,,,,38.0321,-78.489,anonymous,EN,5,2,3,3,3,1,4,1,3,4,1,4,39,34,39,38,40,39,37,39,34,40,39,37,38,37,34,77,77,76,73,76,76,2,,932208
2023-11-30 11:11:36,2023-11-30 11:12:48,0,73.216.68.59,100,71,1,2023-11-30 11:12:49,R_2EGcenScB28M5YQ,,,,,38.0271,-78.4797,anonymous,EN,4,3,4,3,3,3,3,2,2,3,2,3,37,37,37,37,37,37,37,37,37,37,37,37,37,37,37,76,76,76,76,76,76,1,1,250067
2023-11-30 11:11:31,2023-11-30 11:13:15,0,108.169.215.155,100,103,1,2023-11-30 11:13:15,R_1gbUNghMy5Y1Mxv,,,,,38.0321,-78.489,anonymous,EN,4,2,4,3,4,3,3,3,4,3,2,2,39,38,36,38,36,38,35,37,35,35,35,39,36,37,36,75,73,76,77,76,77,2,,674615
2023-11-30 11:11:32,2023-11-30 11:13:15,0,98.124.195.199,100,103,1,2023-11-30 11:13:16,R_3ezCfyWZn4XqE5o,,,,,38.0271,-78.4797,anonymous,EN,4,2,4,2,4,2,4,2,1,4,1,4,39,37,38,38,37,38,36,38,35,38,37,37,37,36,36,76,76,76,76,76,76,2,,752013
2023-11-30 11:11:36,2023-11-30 11:13:22,0,67.172.214.153,100,106,1,2023-11-30 11:13:23,R_ex7JE9mEesY4SFr,,,,,38.0936,-78.5623,anonymous,EN,4,1,4,1,5,1,3,1,1,3,1,3,38,38,36,38,37,38,35,38,35,38,37,39,37,38,35,76,76,76,76,76,77,2,,835074
2023-11-30 11:11:32,2023-11-30 11:13:26,0,216.197.71.151,100,113,1,2023-11-30 11:13:26,R_a4qhM15DZtr71wB,,,,,38.0321,-78.489,anonymous,EN,5,2,4,1,4,1,4,1,1,5,1,5,39,35,39,35,39,39,35,39,35,39,38,39,38,35,34,76,76,76,76,76,76,2,,947980
2023-11-30 11:11:33,2023-11-30 11:13:33,0,199.111.224.50,100,120,1,2023-11-30 11:13:34,R_3h5fdYcheDGGP67,,,,,38.0321,-78.489,anonymous,EN,4,1,4,1,2,1,3,1,3,2,1,3,36,39,35,39,36,37,35,36,35,35,35,39,35,39,35,72,72,72,72,71,73,2,,234888
2023-11-30 11:11:32,2023-11-30 11:13:50,0,199.111.225.153,100,137,1,2023-11-30 11:13:51,R_3jTN4hDngQICLIT,,,,,38.0321,-78.489,anonymous,EN,4,1,3,1,3,3,4,1,1,3,3,1,38,37,36,38,35,38,34,38,36,35,35,39,35,38,34,76,76,73,75,76,76,2,,442605
2023-11-30 11:11:32,2023-11-30 11:13:54,0,98.124.193.205,100,142,1,2023-11-30 11:13:55,R_Y4tIhFzSBxWhsZj,,,,,38.0271,-78.4797,anonymous,EN,5,1,5,1,5,1,3,1,1,1,1,3,40,34,40,38,39,39,35,39,35,37,37,37,37,37,37,75,76,76,76,73,77,2,,616497
2023-11-30 11:11:42,2023-11-30 11:14:29,0,199.111.213.19,100,166,1,2023-11-30 11:14:29,R_XvoO7bLSxKZmvCN,,,,,38.0321,-78.489,anonymous,EN,4,2,4,4,2,2,4,1,1,3,1,4,39,38,39,35,39,39,35,39,35,39,37,38,39,35,36,75,75,73,76,73,76,2,,56660
2023-11-30 11:11:33,2023-11-30 11:15:24,0,199.111.213.149,100,231,1,2023-11-30 11:15:25,R_1kXDetspHV6CivW,,,,,38.0321,-78.489,anonymous,EN,4,3,4,3,4,3,4,1,1,3,1,3,38,37,38,36,39,39,34,38,34,35,36,38,37,35,35,75,75,76,76,75,77,2,,694299
2023-12-04 11:26:09,2023-12-04 11:28:01,0,199.111.225.67,100,112,1,2023-12-04 11:28:02,R_2CdBP9V0WoG4HEW,,,,,38.0321,-78.489,anonymous,EN,3,1,3,1,3,1,3,1,1,1,1,3,38,38,36,37,37,37,36,38,35,37,36,38,38,38,35,75,75,75,75,75,75,2,,432681
2023-12-04 11:26:08,2023-12-04 11:28:10,0,73.99.9.27,100,121,1,2023-12-04 11:28:10,R_1K7RFKorrMxv3IL,,,,,38.0271,-78.4797,anonymous,EN,3,1,3,1,2,1,4,2,1,3,2,4,40,35,38,38,38,39,35,39,34,38,36,39,37,38,36,73,73,76,76,73,73,2,,789389
2023-12-04 11:26:10,2023-12-04 11:28:21,0,199.111.212.172,100,131,1,2023-12-04 11:28:22,R_OdPZm6SgU0opExH,,,,,38.041,-78.4883,anonymous,EN,3,1,3,1,4,1,3,1,1,3,1,3,38,38,38,39,39,39,34,39,34,37,35,37,36,36,35,76,76,76,76,76,76,2,,188277
2023-12-04 11:26:10,2023-12-04 11:28:21,0,73.177.217.159,100,131,1,2023-12-04 11:28:22,R_2wpo7gsO5YUMwIX,,,,,38.0321,-78.489,anonymous,EN,3,1,4,2,4,2,3,1,1,3,2,3,39,35,39,36,36,39,35,39,35,37,35,38,36,36,34,76,76,75,75,73,76,2,,643457
2023-12-04 11:26:09,2023-12-04 11:28:24,0,199.111.225.244,100,135,1,2023-12-04 11:28:24,R_89bCo1my1vUV9SN,,,,,38.0321,-78.489,anonymous,EN,4,1,3,1,3,1,3,1,1,2,1,2,38,36,39,35,38,39,35,38,35,38,36,38,36,36,37,76,76,76,76,75,76,2,,115963
2023-12-04 11:26:19,2023-12-04 11:28:42,0,199.111.212.173,100,142,1,2023-12-04 11:28:42,R_6h7W0LdJQcfEp5T,,,,,38.041,-78.4883,anonymous,EN,5,1,5,1,5,1,5,1,1,4,1,3,40,35,40,34,40,40,34,40,34,40,40,38,38,34,38,77,76,77,77,77,77,2,,62483
2023-12-04 11:26:43,2023-12-04 11:29:16,0,199.111.213.91,100,152,1,2023-12-04 11:29:16,R_3HFf3XrhO2eSEWY,,,,,38.0321,-78.489,anonymous,EN,5,1,5,1,5,1,5,1,1,4,1,3,39,34,39,34,39,39,35,39,34,38,36,39,35,39,34,76,76,76,76,76,76,2,,390594
2023-12-04 11:26:22,2023-12-04 11:29:16,0,64.99.233.61,100,173,1,2023-12-04 11:29:16,R_1db6iVlm5sxjCVp,,,,,38.0321,-78.489,anonymous,EN,3,3,3,2,3,3,3,1,1,2,1,1,38,38,37,38,37,37,36,37,35,36,36,37,37,36,35,73,72,75,72,75,75,2,,923365
2023-12-04 11:27:50,2023-12-04 11:30:06,0,199.111.213.143,100,136,1,2023-12-04 11:30:07,R_2DZENIQPkM9iG0s,,,,,38.0321,-78.489,anonymous,EN,1,1,2,1,2,1,1,1,1,1,1,2,37,39,37,37,37,37,37,37,37,38,36,38,36,38,34,73,73,72,72,73,75,1,1,382505
2023-12-04 11:26:09,2023-12-04 11:30:07,0,75.102.136.111,100,238,1,2023-12-04 11:30:08,R_24oWZLBHsj50F8L,,,,,38.0321,-78.489,anonymous,EN,3,1,3,1,1,2,2,2,2,2,2,2,38,38,35,39,34,37,37,37,37,36,35,39,35,37,34,73,75,76,76,76,76,2,,859923
2024-01-30 13:43:25,2024-01-30 13:44:59,0,199.111.224.24,100,94,1,2024-01-30 13:45:00,R_6Nwu0NbRFypzkGC,,,,,38.0321,-78.489,anonymous,EN,5,1,5,1,5,1,5,1,1,5,1,3,40,34,40,34,40,40,34,40,34,40,40,37,38,35,38,77,77,77,77,77,77,2,,737930
2024-01-30 13:43:24,2024-01-30 13:45:32,0,199.111.212.55,100,127,1,2024-01-30 13:45:33,R_7qX2hotmraCJGxG,,,,,38.0321,-78.489,anonymous,EN,4,2,4,2,5,2,3,3,2,2,2,3,35,39,35,39,35,39,35,39,34,34,35,39,35,39,35,72,72,76,76,73,76,2,,24405
2024-01-30 13:43:26,2024-01-30 13:45:33,0,104.28.78.154,100,127,1,2024-01-30 13:45:34,R_1sdLRpVPUJxxzXD,,,,,37.5538,-77.4603,anonymous,EN,4,3,3,3,3,2,4,2,3,2,2,3,38,38,39,39,39,39,39,38,38,39,39,39,39,39,39,76,76,76,76,76,75,2,,168016
2024-01-30 13:43:38,2024-01-30 13:45:40,0,199.111.212.45,100,122,1,2024-01-30 13:45:41,R_7yfRk3Gr5ANdGF3,,,,,38.0321,-78.489,anonymous,EN,4,3,4,2,4,2,4,2,2,4,1,3,39,35,39,38,37,39,35,38,35,38,38,38,38,35,37,75,75,76,76,76,76,2,,337769
2024-01-30 13:43:26,2024-01-30 13:45:55,0,199.111.212.92,100,148,1,2024-01-30 13:45:56,R_7EcbNKuCYl9IYDI,,,,,38.041,-78.4883,anonymous,EN,4,2,5,2,4,2,4,1,1,4,1,3,39,35,39,35,39,39,35,39,34,38,39,37,39,36,38,76,75,76,76,76,76,2,,270094
2024-01-30 13:43:24,2024-01-30 13:46:17,0,199.111.212.52,100,173,1,2024-01-30 13:46:18,R_706ms3k4Quji044,,,,,38.0321,-78.489,anonymous,EN,4,1,4,1,3,1,4,1,3,4,1,2,39,36,38,39,37,40,34,40,34,38,38,39,36,38,34,76,76,77,77,75,77,2,,472913
2024-01-30 13:43:24,2024-01-30 13:46:26,0,73.177.195.214,100,181,1,2024-01-30 13:46:27,R_3Q7C1i241rk3PQl,,,,,38.0936,-78.5623,anonymous,EN,4,3,4,2,3,1,3,2,1,3,1,3,39,35,39,38,38,38,36,38,35,38,38,38,38,35,35,75,73,75,76,76,76,2,,106152
2024-01-30 13:43:49,2024-01-30 13:46:27,0,199.111.212.86,100,158,1,2024-01-30 13:46:29,R_73jSzQeQjLykcZY,,,,,38.0321,-78.489,anonymous,EN,4,2,5,1,5,2,5,1,2,5,2,4,38,35,39,36,38,39,34,38,34,38,36,38,37,36,35,75,73,76,75,76,76,2,,924497
2024-01-30 13:43:24,2024-01-30 13:46:46,0,199.111.212.103,100,202,1,2024-01-30 13:46:47,R_5llNDkXHA3SBXEX,,,,,38.0321,-78.489,anonymous,EN,4,2,4,1,4,2,4,1,1,4,2,3,36,38,36,39,36,38,35,37,37,38,36,38,36,37,34,73,73,73,75,75,77,2,,186600
2024-01-30 13:44:27,2024-01-30 13:47:49,0,174.206.32.182,100,202,1,2024-01-30 13:47:50,R_1c89N1XnbthhaNq,,,,,37.3612,-79.1469,anonymous,EN,4,1,4,1,4,1,3,1,1,3,1,1,36,36,36,38,36,38,37,37,37,37,37,38,38,38,37,73,73,75,75,75,75,1,2,68918
2024-01-31 09:40:25,2024-01-31 09:41:56,0,75.102.136.110,100,90,1,2024-01-31 09:41:57,R_6mbs07VGYH2n7i1,,,,,38.0321,-78.489,anonymous,EN,4,1,4,1,4,1,4,1,1,4,1,4,38,38,38,39,39,38,37,38,35,37,36,38,36,37,35,73,73,75,76,75,75,2,,650665
2024-01-31 09:40:25,2024-01-31 09:42:01,0,75.102.136.4,100,95,1,2024-01-31 09:42:01,R_31v1Z8i40jgj4KJ,,,,,38.0321,-78.489,anonymous,EN,5,1,5,1,3,1,3,1,1,3,1,2,38,39,39,37,37,39,37,38,37,37,37,36,36,37,36,73,73,75,75,75,75,2,,249310
2024-01-31 09:40:26,2024-01-31 09:42:01,0,108.147.2.107,100,94,1,2024-01-31 09:42:01,R_6KZpunpxOHa6PQm,,,,,36.8504,-76.2886,anonymous,EN,4,1,4,1,4,1,4,1,1,3,1,4,39,37,39,38,39,40,36,39,35,39,38,38,37,36,36,76,76,76,76,76,76,2,,825848
2024-01-31 09:40:25,2024-01-31 09:42:03,0,199.111.225.97,100,97,1,2024-01-31 09:42:04,R_668yIbqPXATbOTI,,,,,38.0321,-78.489,anonymous,EN,5,1,5,1,5,1,5,1,2,5,1,5,40,35,40,34,38,40,34,40,34,40,40,35,40,35,39,77,76,77,77,77,77,2,,110325
2024-01-31 09:40:26,2024-01-31 09:42:42,0,199.111.212.74,100,135,1,2024-01-31 09:42:43,R_6wsjQDpllt0zscx,,,,,38.0321,-78.489,anonymous,EN,5,2,5,1,5,1,3,1,1,3,1,5,38,37,36,38,38,39,34,39,34,37,35,39,35,37,34,76,72,76,77,77,77,2,,569486
2024-01-31 09:40:33,2024-01-31 09:42:47,0,199.111.224.121,100,133,1,2024-01-31 09:42:47,R_6jplB1SMlRGIyzb,,,,,38.0321,-78.489,anonymous,EN,3,1,3,2,2,2,2,2,2,2,2,2,34,34,34,34,34,34,34,34,34,34,34,34,34,34,34,73,73,73,73,73,73,1,1,226077
2024-01-31 09:40:26,2024-01-31 09:42:54,0,198.90.112.65,100,147,1,2024-01-31 09:42:54,R_7onmZRLmZ95ApOt,,,,,38.0321,-78.489,anonymous,EN,3,3,3,3,3,3,2,1,3,1,1,2,34,39,35,39,34,39,35,35,35,34,34,38,35,39,35,77,72,72,72,72,72,1,4,282831
2024-01-31 09:40:27,2024-01-31 09:43:05,0,199.111.212.49,100,158,1,2024-01-31 09:43:06,R_62DqdU30Dvfxld6,,,,,38.0321,-78.489,anonymous,EN,5,1,5,1,5,2,4,1,1,5,2,5,37,38,37,37,36,40,36,39,34,38,36,40,35,37,34,77,77,77,77,77,77,2,,410784
2024-01-31 09:40:30,2024-01-31 09:44:03,0,198.90.112.65,100,212,1,2024-01-31 09:44:04,R_6J2zdtgVeaH2dEZ,,,,,38.0321,-78.489,anonymous,EN,4,1,3,1,4,2,3,1,1,3,1,3,36,38,36,38,36,39,35,38,34,37,35,38,37,38,34,73,73,76,76,75,75,2,,610382
2024-01-31 09:40:32,2024-01-31 09:44:18,0,199.111.212.58,100,226,1,2024-01-31 09:44:19,R_5Fsq48KWRKY4Go2,,,,,38.0321,-78.489,anonymous,EN,4,1,4,1,4,1,3,1,1,2,1,3,36,38,36,39,36,38,37,37,36,36,36,38,36,38,34,72,72,73,73,73,73,2,,296979
2024-01-31 10:42:06,2024-01-31 10:43:36,0,199.111.224.67,100,89,1,2024-01-31 10:43:36,R_1EO4XCJUsE1Q93P,,,,,38.0321,-78.489,anonymous,EN,3,3,4,3,4,3,4,3,3,3,2,3,37,38,37,38,36,38,35,37,35,37,36,39,36,39,36,75,75,75,75,75,75,2,,513280
2024-01-31 10:42:04,2024-01-31 10:43:46,0,199.111.225.154,100,102,1,2024-01-31 10:43:47,R_6DI1fh06uKA7wMK,,,,,38.7616,-77.3017,anonymous,EN,3,1,3,1,2,1,2,1,1,2,1,2,38,35,39,38,37,37,34,39,34,37,38,37,38,36,35,73,75,73,76,75,76,2,,562583
2024-01-31 10:42:04,2024-01-31 10:43:56,0,199.111.225.148,100,111,1,2024-01-31 10:43:57,R_34cnDWCgY6f6HB1,,,,,38.0321,-78.489,anonymous,EN,3,2,3,2,3,3,3,2,2,3,2,3,36,39,36,38,39,38,36,38,35,37,37,39,36,39,35,75,76,73,72,73,75,2,,476638
2024-01-31 10:42:15,2024-01-31 10:44:00,0,64.99.240.226,100,104,1,2024-01-31 10:44:01,R_6rvRI8rnZyWaiXn,,,,,38.9258,-77.3939,anonymous,EN,4,1,5,1,5,1,3,2,1,3,1,4,37,39,37,39,37,38,35,38,35,38,36,38,36,38,34,76,76,76,73,75,76,2,,567234
2024-01-31 10:42:05,2024-01-31 10:44:02,0,199.111.212.56,100,116,1,2024-01-31 10:44:02,R_1jbYEaQ3PYmKx1f,,,,,38.0321,-78.489,anonymous,EN,2,1,2,3,3,2,2,1,1,1,1,1,36,38,36,39,35,38,35,38,34,34,34,40,34,40,34,73,73,73,75,75,76,2,,953646
2024-01-31 10:42:04,2024-01-31 10:44:18,0,199.111.225.43,100,133,1,2024-01-31 10:44:18,R_1DTrLshsb0Ig4wB,,,,,38.0321,-78.489,anonymous,EN,5,4,4,1,4,1,4,1,1,3,1,3,39,35,38,37,40,38,35,38,34,37,38,37,38,37,38,76,72,73,75,73,76,2,,65159
2024-01-31 10:42:08,2024-01-31 10:44:18,0,199.111.212.46,100,130,1,2024-01-31 10:44:19,R_6z6oBVGGKslCtji,,,,,38.0321,-78.489,anonymous,EN,3,1,3,2,3,1,1,1,1,1,1,2,35,39,36,40,34,39,35,35,35,35,35,40,34,40,34,72,72,72,72,72,75,1,3,620071
2024-01-31 10:42:05,2024-01-31 10:44:24,0,199.111.224.243,100,138,1,2024-01-31 10:44:25,R_3dgTUG1fjfMKCHI,,,,,38.0321,-78.489,anonymous,EN,4,1,4,1,4,1,3,1,1,3,1,5,39,36,39,38,37,39,35,39,35,37,39,38,37,37,35,77,77,77,77,77,77,1,2,47182
2024-01-31 10:42:07,2024-01-31 10:45:03,0,73.251.36.158,100,176,1,2024-01-31 10:45:04,R_1n932IiMJszyFLM,,,,,38.0271,-78.4797,anonymous,EN,3,1,3,1,3,1,1,1,1,1,1,3,36,38,38,38,36,37,35,37,35,35,35,39,35,38,35,73,72,72,73,73,76,2,,690857
2024-01-31 10:42:07,2024-01-31 10:46:34,0,64.99.226.180,100,266,1,2024-01-31 10:46:34,R_5yfGhidk68lkUWj,,,,,38.0321,-78.489,anonymous,EN,4,1,4,1,4,1,4,1,1,4,1,4,40,35,40,34,39,40,34,40,34,40,40,40,40,34,39,76,76,76,76,76,76,2,,31392
2024-01-31 12:10:09,2024-01-31 12:11:40,0,199.111.212.83,100,91,1,2024-01-31 12:11:42,R_5BsEFb8aYtkpPfX,,,,,38.0321,-78.489,anonymous,EN,5,1,5,1,5,1,5,1,1,5,1,1,39,37,39,37,39,39,34,39,34,38,39,37,39,35,37,77,77,77,77,77,77,2,,703958
2024-01-31 12:10:04,2024-01-31 12:11:54,0,199.111.212.25,100,109,1,2024-01-31 12:11:55,R_6khqbPy9C9Swl4v,,,,,38.0321,-78.489,anonymous,EN,3,2,3,2,3,2,3,2,2,3,2,3,37,38,36,37,37,37,35,38,35,37,37,37,37,36,35,73,73,76,75,73,73,1,1,73830
2024-01-31 12:10:03,2024-01-31 12:12:10,0,199.111.212.8,100,126,1,2024-01-31 12:12:11,R_50INnA9EKjYMajK,,,,,38.0321,-78.489,anonymous,EN,5,2,5,1,5,1,5,1,2,5,1,5,37,38,36,38,36,38,34,38,34,37,35,37,37,36,35,77,77,76,76,75,77,2,,274305
2024-01-31 12:10:02,2024-01-31 12:12:20,0,199.111.225.52,100,138,1,2024-01-31 12:12:21,R_6CQ71tAtoSam43F,,,,,38.0321,-78.489,anonymous,EN,4,1,4,1,4,1,4,1,1,3,1,4,40,36,39,35,39,39,36,39,35,39,39,36,39,35,36,76,76,76,76,76,76,2,,431861
2024-01-31 12:10:06,2024-01-31 12:12:37,0,199.111.212.5,100,150,1,2024-01-31 12:12:38,R_5QJHOtaO99Be5Gx,,,,,38.0321,-78.489,anonymous,EN,4,1,4,1,5,1,5,1,2,4,1,3,40,34,40,37,39,39,35,39,34,40,38,37,37,36,37,76,76,76,77,75,77,2,,526645
2024-01-31 12:10:04,2024-01-31 12:12:45,0,199.111.225.6,100,161,1,2024-01-31 12:12:47,R_6B1OyqgUfb2Emop,,,,,38.0321,-78.489,anonymous,EN,3,2,3,2,2,1,2,1,1,3,1,1,38,38,38,38,36,37,36,37,35,37,36,38,37,38,35,76,75,76,76,73,76,2,,566635
2024-01-31 12:10:04,2024-01-31 12:12:54,0,75.102.136.112,100,169,1,2024-01-31 12:12:55,R_5bgpKW9O0lBR0yZ,,,,,38.0321,-78.489,anonymous,EN,5,2,4,1,5,1,4,1,1,4,1,1,37,39,37,38,37,40,38,38,34,38,38,36,38,37,34,76,73,76,76,76,77,1,1,378434
2024-01-31 12:10:02,2024-01-31 12:13:07,0,199.111.225.153,100,184,1,2024-01-31 12:13:08,R_67qiJrHsFWqeX1n,,,,,38.0321,-78.489,anonymous,EN,4,2,3,1,3,2,3,1,1,3,1,3,39,38,38,36,39,39,35,38,35,39,35,36,38,35,36,73,73,76,76,75,75,2,,792000
2024-01-31 12:10:05,2024-01-31 12:13:38,0,199.111.212.82,100,212,1,2024-01-31 12:13:39,R_5n1KWkdk0AfDUDp,,,,,38.0321,-78.489,anonymous,EN,4,2,4,1,3,1,4,1,3,3,1,4,39,38,39,38,39,39,38,39,34,35,38,39,38,38,34,72,72,76,76,73,76,2,,277133
2024-01-31 12:10:34,2024-01-31 12:13:04,0,199.111.212.34,86,150,0,2024-02-01 12:15:38,R_57lhaB5IZP3lS1k,,,,,,,anonymous,EN,4,1,4,1,4,1,4,1,1,3,1,3,38,37,38,38,38,39,36,38,36,38,38,39,37,37,36,73,75,76,76,75,75,1,1,784170
2024-02-02 09:38:21,2024-02-02 09:40:28,0,199.111.212.102,100,126,1,2024-02-02 09:40:29,R_1tbWYv7KfQ45j7H,,,,,38.0321,-78.489,anonymous,EN,4,2,4,2,4,2,3,2,2,4,2,4,39,35,39,36,39,39,36,39,36,39,39,38,39,38,36,76,76,76,76,76,76,2,,260441
2024-02-02 09:38:25,2024-02-02 09:40:35,0,199.111.219.76,100,129,1,2024-02-02 09:40:36,R_5qsPY8GZkeh4uJO,,,,,38.0321,-78.489,anonymous,EN,4,1,4,1,4,1,3,1,1,4,1,4,39,35,39,36,38,39,34,39,34,37,38,38,36,36,35,75,75,76,76,76,76,2,,861963
2024-02-02 09:38:19,2024-02-02 09:40:42,0,199.111.212.99,100,143,1,2024-02-02 09:40:43,R_1ZEGeLB4G9Nw6ZP,,,,,38.0321,-78.489,anonymous,EN,4,1,4,1,5,2,3,1,1,4,1,5,38,36,38,40,38,39,35,39,34,38,37,40,38,36,34,73,73,77,77,76,76,1,1,819141
2024-02-02 09:38:20,2024-02-02 09:40:59,0,199.111.212.101,100,159,1,2024-02-02 09:41:00,R_1PvP3JKGwExSUhz,,,,,38.0321,-78.489,anonymous,EN,5,1,5,1,5,1,5,1,1,5,1,5,39,35,39,38,38,39,34,39,35,38,38,38,38,36,36,76,76,76,76,76,76,2,,928513
2024-02-02 09:38:28,2024-02-02 09:41:12,0,216.98.93.188,100,163,1,2024-02-02 09:41:13,R_3iaP2JNan23diXQ,,,,,38.0704,-78.9067,anonymous,EN,5,2,5,2,3,3,4,2,1,3,1,4,38,37,37,39,38,38,35,37,36,36,37,38,37,36,35,73,73,76,76,76,76,2,,721530
2024-02-02 09:38:20,2024-02-02 09:41:23,0,173.67.200.5,100,182,1,2024-02-02 09:41:23,R_3VjATaMqgpVd0Do,,,,,39.018,-77.539,anonymous,EN,4,3,4,3,4,3,4,3,3,4,2,5,39,37,35,40,34,39,34,38,34,34,36,40,34,37,34,76,75,75,76,75,77,2,,65930
2024-02-02 09:38:19,2024-02-02 09:41:33,0,73.251.172.99,100,194,1,2024-02-02 09:41:34,R_1QsrQwEnlIjksxz,,,,,38.0321,-78.489,anonymous,EN,4,1,3,1,3,2,3,1,2,3,1,3,39,36,38,36,39,39,35,38,38,39,38,36,37,36,35,76,76,76,76,76,76,2,,196442
2024-02-02 09:38:19,2024-02-02 09:41:51,0,108.169.215.198,100,211,1,2024-02-02 09:41:52,R_3F8THOMCiSQFE94,,,,,38.0321,-78.489,anonymous,EN,4,3,4,2,4,1,3,2,2,3,1,3,39,36,37,38,37,39,35,39,37,37,39,37,40,37,35,75,77,77,77,76,76,2,,147974
2024-02-02 09:38:20,2024-02-02 09:42:08,0,64.99.233.119,100,228,1,2024-02-02 09:42:09,R_1DMSuMKxFkGBUea,,,,,38.0321,-78.489,anonymous,EN,3,2,3,2,2,2,2,2,2,2,2,2,35,40,37,37,37,37,36,36,35,35,35,37,36,38,34,72,72,75,73,75,73,1,2,371017
2024-02-02 09:38:25,2024-02-02 09:42:29,0,199.111.212.47,100,243,1,2024-02-02 09:42:30,R_1nVI2kcPur0nx6l,,,,,38.0321,-78.489,anonymous,EN,4,1,5,1,5,1,4,1,1,4,1,5,38,38,35,38,35,40,34,38,34,36,35,39,35,37,34,76,76,76,77,77,77,2,,259556
2024-02-02 12:29:37,2024-02-02 12:31:20,0,199.111.224.238,100,103,1,2024-02-02 12:31:21,R_6zxdjdmc31I7voL,,,,,38.0321,-78.489,anonymous,EN,4,2,4,2,4,2,3,1,1,2,1,3,39,36,39,36,38,39,36,39,35,37,38,37,37,36,35,76,76,76,76,76,76,2,,183128
2024-02-02 12:29:34,2024-02-02 12:31:26,0,73.251.173.203,100,112,1,2024-02-02 12:31:27,R_3BzshPdGdNmMq0p,,,,,38.0321,-78.489,anonymous,EN,4,1,4,1,4,1,4,1,1,4,1,4,35,39,35,39,38,38,35,35,35,35,34,40,34,40,34,72,72,72,72,72,72,2,,269608
2024-02-02 12:29:34,2024-02-02 12:31:34,0,206.248.255.164,100,120,1,2024-02-02 12:31:34,R_3U2XDjziFoAfIjv,,,,,38.0321,-78.489,anonymous,EN,4,1,4,1,5,1,4,1,1,5,1,4,40,34,40,36,39,39,35,39,34,39,39,36,39,35,40,76,77,77,77,77,77,2,,76003
2024-02-02 12:29:35,2024-02-02 12:31:46,0,75.102.136.105,100,131,1,2024-02-02 12:31:47,R_18yjNKsjvxRe9up,,,,,38.0321,-78.489,anonymous,EN,4,2,4,2,3,1,3,1,1,2,1,3,39,37,38,38,38,39,35,38,35,36,39,39,38,36,39,75,75,73,76,75,76,1,1,220828
2024-02-02 12:29:45,2024-02-02 12:31:49,0,67.129.8.194,100,124,1,2024-02-02 12:31:50,R_5PMlqoWNjMHKlYB,,,,,38.0321,-78.489,anonymous,EN,4,1,4,1,4,1,4,1,1,4,1,4,39,35,39,37,39,39,34,39,34,38,39,37,39,37,37,76,76,76,77,77,77,2,,108038
2024-02-02 12:29:34,2024-02-02 12:32:02,0,73.12.48.242,100,148,1,2024-02-02 12:32:03,R_1ZPmri2EUVXIKel,,,,,38.0321,-78.489,anonymous,EN,4,1,3,1,3,1,3,1,2,3,1,3,38,38,35,38,37,39,37,38,35,39,38,38,38,38,35,73,73,73,75,75,76,2,,243614
2024-02-02 12:29:37,2024-02-02 12:32:04,0,199.111.212.60,100,147,1,2024-02-02 12:32:05,R_6ProqiM9CF6e2Up,,,,,38.0321,-78.489,anonymous,EN,5,1,4,1,4,1,4,1,1,3,1,5,38,38,37,36,36,39,35,38,34,37,35,39,35,37,34,77,77,76,76,76,77,2,,97946
2024-02-02 12:29:35,2024-02-02 12:32:22,0,199.111.212.46,100,167,1,2024-02-02 12:32:23,R_6fI7jrR0pFvGsGB,,,,,38.0321,-78.489,anonymous,EN,5,1,4,2,4,1,3,2,2,3,2,3,38,37,38,37,38,39,35,39,34,37,36,38,38,36,37,76,76,75,76,76,77,1,1,598908
2024-02-02 12:29:36,2024-02-02 12:33:09,0,73.171.34.193,100,213,1,2024-02-02 12:33:10,R_14dADUs3yQEFE7B,,,,,38.0321,-78.489,anonymous,EN,4,2,4,2,4,2,5,1,1,4,1,4,40,35,39,35,39,39,34,39,34,37,36,36,38,35,35,77,77,77,77,77,75,2,,688468
2024-02-02 12:29:43,2024-02-02 12:34:30,0,108.169.215.220,100,287,1,2024-02-02 12:34:31,R_6Oqckx4az5JAmmL,,,,,38.0321,-78.489,anonymous,EN,4,2,4,2,5,1,4,1,2,4,1,3,39,35,38,36,38,40,35,38,34,36,37,36,38,38,36,76,73,77,77,77,77,2,,18608
2024-02-12 10:10:32,2024-02-12 10:11:14,0,73.152.165.197,100,41,1,2024-02-12 10:11:15,R_1kAQrZ9IY8hTs5w,,,,,38.0321,-78.489,anonymous,EN,3,2,2,2,2,2,2,2,2,2,2,2,37,37,37,37,37,37,37,37,37,37,37,37,37,37,37,73,73,73,73,73,73,,,74141
2024-02-12 10:10:28,2024-02-12 10:12:11,0,73.152.165.197,100,102,1,2024-02-12 10:12:11,R_75jTV5UQquDi5wd,,,,,38.0321,-78.489,anonymous,EN,3,2,3,1,3,1,3,1,1,2,1,2,37,36,36,38,36,37,35,35,35,35,39,39,35,39,35,73,71,72,72,73,75,1,2,571491
2024-02-12 10:10:24,2024-02-12 10:12:22,0,199.111.212.23,100,118,1,2024-02-12 10:12:23,R_1VQGllWab1jFkFD,,,,,38.0321,-78.489,anonymous,EN,1,4,1,4,1,4,1,1,1,1,1,1,34,40,34,40,34,34,34,34,34,34,34,40,34,40,34,71,71,71,71,71,76,1,3,748631
2024-02-12 10:10:25,2024-02-12 10:12:27,0,199.111.225.100,100,121,1,2024-02-12 10:12:27,R_5Bh5bMYwflfDnnT,,,,,38.0321,-78.489,anonymous,EN,3,1,3,1,1,1,2,1,1,1,1,3,39,39,35,39,34,39,35,35,35,35,35,35,35,37,35,76,76,76,76,76,76,2,,715202
2024-02-12 10:10:53,2024-02-12 10:12:50,0,73.171.119.82,100,116,1,2024-02-12 10:12:51,R_1CexiKX2rkINpGL,,,,,38.0271,-78.4797,anonymous,EN,2,1,2,1,3,1,2,1,1,2,1,2,38,39,36,39,35,39,35,36,34,37,37,39,35,39,34,72,72,72,72,72,75,2,,730978
2024-02-12 10:10:25,2024-02-12 10:13:02,0,199.111.224.171,100,156,1,2024-02-12 10:13:02,R_6kS9Pf8JdkgP3Ys,,,,,38.0321,-78.489,anonymous,EN,5,2,5,2,5,2,5,2,1,5,1,4,38,38,38,35,38,39,34,39,34,35,39,38,38,37,36,76,73,75,75,76,75,2,,879404
2024-02-12 10:10:26,2024-02-12 10:13:12,0,199.111.225.48,100,165,1,2024-02-12 10:13:12,R_1aULZJCxhkGRiuF,,,,,38.0321,-78.489,anonymous,EN,3,2,3,2,3,2,3,2,3,3,1,3,38,37,37,37,38,38,35,37,35,37,36,38,36,36,37,75,75,75,76,75,76,1,1,632601
2024-02-12 10:10:24,2024-02-12 10:13:29,0,75.75.17.47,100,185,1,2024-02-12 10:13:30,R_1Q5NCRQRx7XLIYN,,,,,36.6249,-79.4107,anonymous,EN,4,1,4,1,5,1,3,2,1,3,1,3,37,38,37,38,36,39,35,38,35,35,35,38,36,37,34,76,76,76,77,76,77,1,1,192992
2024-02-12 10:10:28,2024-02-12 10:14:12,0,199.111.212.7,100,223,1,2024-02-12 10:14:13,R_6fiwOO6mcDH6pMn,,,,,38.0321,-78.489,anonymous,EN,4,2,3,2,4,3,3,2,2,5,1,3,38,38,35,38,38,39,35,38,35,37,36,38,36,36,36,73,76,73,76,75,77,2,,977710
2024-02-12 10:10:52,2024-02-12 10:14:48,0,199.111.212.40,100,236,1,2024-02-12 10:14:49,R_1VqNyiQUVZxglrW,,,,,38.0321,-78.489,anonymous,EN,5,1,5,1,4,1,4,1,1,4,1,4,38,35,38,35,37,38,35,38,35,37,37,37,37,36,35,76,75,75,75,75,75,2,,250908
2024-02-13 12:39:21,2024-02-13 12:40:23,0,67.129.8.194,100,61,1,2024-02-13 12:40:23,R_7WIifDfZllbWeV0,,,,,38.0321,-78.489,anonymous,EN,3,3,3,3,3,3,3,3,3,3,3,3,38,38,38,38,38,38,38,38,36,38,38,38,38,38,38,73,73,73,73,73,73,2,,260859
2024-02-13 12:39:26,2024-02-13 12:41:23,0,71.62.120.228,100,116,1,2024-02-13 12:41:24,R_6xy5XJBhN5uRsfn,,,,,38.0321,-78.489,anonymous,EN,5,1,4,1,3,1,4,1,1,3,1,4,39,36,38,37,38,39,35,38,35,37,38,37,37,38,35,76,76,75,76,75,77,2,,910349
2024-02-13 12:39:28,2024-02-13 12:41:47,0,67.129.8.194,100,139,1,2024-02-13 12:41:48,R_5I9yiS0bO2Jhpzf,,,,,38.0321,-78.489,anonymous,EN,5,1,4,1,5,1,5,1,1,4,1,3,38,37,40,38,39,39,34,38,34,39,39,37,37,36,35,73,73,76,75,73,75,2,,554266
2024-02-13 12:39:20,2024-02-13 12:41:54,0,199.111.224.36,100,153,1,2024-02-13 12:41:54,R_5GnqS5zPlgpEjlf,,,,,38.0321,-78.489,anonymous,EN,4,2,4,2,4,2,3,2,2,3,2,2,39,34,39,34,39,39,34,39,34,38,38,36,39,35,38,76,76,76,76,76,76,2,,840490
2024-02-13 12:39:24,2024-02-13 12:42:03,0,172.56.29.209,100,159,1,2024-02-13 12:42:04,R_6d6UObvdROZ1MGs,,,,,40.0359,-75.145,anonymous,EN,5,1,5,1,5,1,3,1,1,4,1,5,37,37,37,37,37,39,35,39,35,37,37,40,37,35,34,76,75,76,76,75,77,2,,706895
2024-02-13 12:39:23,2024-02-13 12:42:11,0,199.111.225.73,100,167,1,2024-02-13 12:42:11,R_5eUDo56oppVLKEI,,,,,38.0321,-78.489,anonymous,EN,5,2,3,2,4,2,3,1,1,3,1,3,40,35,38,38,38,39,35,39,35,37,38,39,38,36,35,76,76,76,77,77,77,2,,143242
2024-02-13 12:39:23,2024-02-13 12:42:34,0,73.12.28.99,100,191,1,2024-02-13 12:42:35,R_6BaPn2vHrAM5D9w,,,,,38.0936,-78.5623,anonymous,EN,4,1,5,1,5,1,4,1,1,3,1,5,39,35,39,36,38,40,34,39,34,37,37,38,37,36,35,76,77,76,77,77,77,2,,16853
2024-02-13 12:39:52,2024-02-13 12:42:52,0,199.111.225.157,100,180,1,2024-02-13 12:42:52,R_5IiyUSBMVTvYfnP,,,,,38.0321,-78.489,anonymous,EN,4,2,4,1,5,1,4,1,1,4,1,5,39,37,39,35,39,40,35,40,35,40,37,37,36,38,36,76,76,76,76,76,76,2,,391638
2024-02-13 12:39:25,2024-02-13 12:43:05,0,199.111.225.255,100,220,1,2024-02-13 12:43:06,R_51yUN5oYZX4RFcP,,,,,38.0321,-78.489,anonymous,EN,3,1,3,1,3,1,2,1,1,2,1,3,38,38,36,40,35,39,38,37,34,35,35,40,35,37,34,72,72,75,75,73,75,2,,79689
2024-02-13 12:42:20,2024-02-13 12:45:34,0,199.111.212.1,100,193,1,2024-02-13 12:45:35,R_1kM0BqBW9rAlVwQ,,,,,38.0321,-78.489,anonymous,EN,4,1,4,2,4,1,4,1,1,4,1,4,38,38,38,39,39,39,35,39,35,38,38,38,38,37,35,73,75,76,76,76,77,2,,495254
